Category,Link
Home,https://newbusinessethiopia.com/
Investment,https://newbusinessethiopia.com/topics/investment/
Hospitality,https://newbusinessethiopia.com/topics/hospitality/
Mining,https://newbusinessethiopia.com/topics/mining/
Oil & Gas,https://newbusinessethiopia.com/topics/oil-gas/
Energy,https://newbusinessethiopia.com/topics/energy/
Finance,https://newbusinessethiopia.com/topics/finance/
Trade,https://newbusinessethiopia.com/topics/trade/
Politics,https://newbusinessethiopia.com/topics/politics/
Culture & Tourism,https://newbusinessethiopia.com/topics/culture-tourism/
Energy,https://newbusinessethiopia.com/topics/energy/
Travel,https://newbusinessethiopia.com/topics/travel/
Construction,https://newbusinessethiopia.com/topics/construction/
Health,https://newbusinessethiopia.com/topics/health/
NBE Videos,https://newbusinessethiopia.com/investment/nbe-videos/
NBE Blog,https://newbusinessethiopia.com/topics/nbe-blog/
PR Solutions,https://behakprsolutions.com/
Due Diligence Service,https://newbusinessethiopia.com/due-diligence-service/
About Us,https://newbusinessethiopia.com/about-us/
Contact Us,https://newbusinessethiopia.com/contact-us/
