date_list,image_list,title_list,para_list
"May 12, 2026",https://newbusinessethiopia.com/wp-content/uploads/2026/05/Ming-Yang-Group-to-Invest-14-Billion-in-Solar-Wind-Farm-in-Ethiopia-139x100.gif,"Ming Yang Group to Invest $14 Billion in Solar, Wind Farm in Ethiopia","Ming Yang Group to Invest $14 Billion in Solar, Wind Farm in Ethiopia


                            May 12, 2026                        

                            The Chinese company Ming Yang Group, which recently signed a major renewable energy investment agreement at the 4th Invest in Ethiopia Forum, is set to invest a total of $14 billion in…"
"April 23, 2026",https://newbusinessethiopia.com/wp-content/uploads/2026/04/german250-154x100.gif,"EU, Germany to Help Ethiopia Grow Private Sector","EU, Germany to Help Ethiopia Grow Private Sector


                            April 23, 2026                        

                            The European Union (EU) and the Government of Germany believe that Ethiopia’s ongoing macro-economic reforms are opening new opportunities for private sector growth and economic transformation. A transparent tax system and a…"
"April 13, 2026",https://newbusinessethiopia.com/wp-content/uploads/2026/04/Why-Due-Diligence-Is-Critical-Before-Entering-African-Partnerships-150x100.gif,Why Due Diligence Is Critical Before Entering African Partnerships,"Why Due Diligence Is Critical Before Entering African Partnerships


                            April 13, 2026                        

                            By Africa Risk Control / Analysis – Across Africa’s rapidly expanding economies, partnerships frequently serve as the primary entry point for international investors seeking to operate in unfamiliar markets. Local partners often…"
"April 6, 2026",https://newbusinessethiopia.com/wp-content/uploads/2026/04/Movement-Connectivity-and-Travel-Logistics-in-Ethiopia-146x100.gif,"Movement, Connectivity, and Travel Logistics in Ethiopia","Movement, Connectivity, and Travel Logistics in Ethiopia


                            April 6, 2026                        

                            By BEHAK / Blog – Movement within Ethiopia is shaped by a combination of geography, infrastructure, and institutional systems that operate across different levels of development. For visitors, understanding how connectivity functions…"
"April 6, 2026",https://newbusinessethiopia.com/wp-content/uploads/2026/04/New-Ceramic-Factory-to-Boost-Ethiopia-Ceramic-Production-2-150x89.gif,New Ceramic Factory to Boost Ethiopia’s Production,"New Ceramic Factory to Boost Ethiopia’s Production


                            April 6, 2026                        

                            A new factory, which can produce up to 50,000 square meters or 40 to 45 containers of traditional ceramic per day, is expected to commence production in three weeks."
"March 25, 2026",https://newbusinessethiopia.com/wp-content/uploads/2026/03/Ethiopia-Five-African-Nations-Set-to-Join-5000-15000-US-Visa-Bond-150x95.gif,"Ethiopia, Five African Nations Set to Join $5,000 – $15,000 US Visa Bond","Ethiopia, Five African Nations Set to Join $5,000 – $15,000 US Visa Bond


                            March 25, 2026                        

                            Ethiopians and other five African countries’ nationals travelling to the United States for business or tourism next week (as of April 2, 2026), are required to deposit the recently introduced pilot visa…"
"March 16, 2026",https://newbusinessethiopia.com/wp-content/uploads/2026/03/1Capture-150x94.gif,Ethiopia Attracted Over $18 Billion FDI,"Ethiopia Attracted Over $18 Billion FDI


                            March 16, 2026                        

                            Ethiopian Investment Commission said Ethiopia has attracted $18.6 foreign direct investment (FDI) in four years (between 2021 – 2025)."
"February 16, 2026",https://newbusinessethiopia.com/wp-content/uploads/2026/02/UN-Agency-Chief-Told-Foreign-Investors-Not-to-Focus-on-Risks-Neglect-Africas-Potential-150x95.png,"UN Agency Chief Told Foreign Investors Not to Focus on Risks, Neglect Africa’s Potential","UN Agency Chief Told Foreign Investors Not to Focus on Risks, Neglect Africa’s Potential


                            February 16, 2026                        

                            At the opening of the 9th Africa Business Forum today in Addis Ababa, Ethiopia, Claver Gatete, United Nations Under-Secretary-General and Executive Secretary of the United Nations Economic Commission for Africa (ECA), urges…"
"February 9, 2026",https://newbusinessethiopia.com/wp-content/uploads/2026/02/2026-Kenyan-Investment-Outlook-Navigating-the-Gateway-to-East-Africa-150x100.gif,2026 Kenyan Investment Outlook: Navigating the Gateway to East Africa,"2026 Kenyan Investment Outlook: Navigating the Gateway to East Africa


                            February 9, 2026                        

                            By Africa Risk Control – As 2026 begins, Kenya’s economic narrative has shifted from one of emerging potential to one of institutional maturity. Positioned as the undisputed financial and logistical anchor for…"
"January 22, 2026",https://newbusinessethiopia.com/wp-content/uploads/2026/01/landsacpe-150x96.png,Why Visibility Is the First Barrier African SMEs Face Under AfCFTA,"Why Visibility Is the First Barrier African SMEs Face Under AfCFTA


                            January 22, 2026                        

                            By Andualem Sisay Gessesse – Due its huge natural resources including critical minerals and the largest market union in the world, Africa is getting more attention by global investors. The latest implementation…"
"December 31, 2025",https://newbusinessethiopia.com/wp-content/uploads/2025/12/FX-Access-in-Mozambique-Why-Legal-Approval-Doesnt-Mean-Timely-Money-150x100.jpg,FX Access in Mozambique: Why Legal Approval Doesn’t Mean Timely Money,"FX Access in Mozambique: Why Legal Approval Doesn’t Mean Timely Money


                            December 31, 2025                        

                            By Africa Risk Control (ARC) – Foreign-exchange risk in Mozambique is rarely about legality. On paper, investors and organizations are permitted to access foreign currency, repatriate profits, and settle international obligations. In…"
"December 26, 2025",https://newbusinessethiopia.com/wp-content/uploads/2025/12/Kenyas-Investment-Appeal-Remains-Strong-but-Execution-Risk-Is-Rising-150x100.png,"Kenya’s Investment Appeal Remains Strong, but Execution Risk Is Rising","Kenya’s Investment Appeal Remains Strong, but Execution Risk Is Rising


                            December 26, 2025                        

                            By Africa Risk Control (ARC) – Kenya continues to position itself as East Africa’s primary commercial and financial gateway, attracting foreign investors seeking regional scale, diversified demand, and relatively mature institutions."
"December 21, 2025",https://newbusinessethiopia.com/wp-content/uploads/2025/12/Mozambique-2026-Why-Investors-Are-Quietly-Re-Assessing-Risk-in-Southern-Africa-150x100.png,Mozambique 2026: Why Investors Are Quietly Re-Assessing Risk in Southern Africa,"Mozambique 2026: Why Investors Are Quietly Re-Assessing Risk in Southern Africa


                            December 21, 2025                        

                            Mozambique rarely dominates African investment headlines, yet heading into 2026 it has become one of Southern Africa’s most consequential—and misunderstood—markets. Beneath the surface of LNG optimism, donor engagement, and infrastructure ambition lies…"
"December 16, 2025",https://newbusinessethiopia.com/wp-content/uploads/2025/12/How-District-Level-Realities-Shape-Investment-Risks-in-Ethiopia-in-2026-70x100.png,Local Partner Risk Rising in Ethiopia: What Investors Must Verify in 2026,"Local Partner Risk Rising in Ethiopia: What Investors Must Verify in 2026


                            December 16, 2025                        

                            Local partner selection remains one of the most decisive factors shaping investment success in Ethiopia, yet many organizations continue to conduct only surface-level verification. As Ethiopia moves through 2026, Africa Risk Control’s…"
